Country	num_isolates	seq_frequency	date
China	461	0.5122222222222222	01-2020
France	94	0.10444444444444445	01-2020
USA	74	0.08222222222222222	01-2020
Hong Kong	59	0.06555555555555556	01-2020
Thailand	34	0.03777777777777778	01-2020
Lebanon	25	0.027777777777777776	01-2020
Australia	16	0.017777777777777778	01-2020
Qatar	15	0.016666666666666666	01-2020
Ghana	14	0.015555555555555555	01-2020
Japan	13	0.014444444444444444	01-2020
Singapore	12	0.013333333333333334	01-2020
Germany	10	0.011111111111111112	01-2020
Malaysia	9	0.01	01-2020
Vietnam	9	0.01	01-2020
China	715	0.3225078935498421	02-2020
Italy	204	0.09201623815967523	02-2020
Hong Kong	181	0.08164185836716284	02-2020
United Kingdom	174	0.07848443843031123	02-2020
Japan	160	0.07216959855660803	02-2020
USA	149	0.06720793865584122	02-2020
South Korea	138	0.06224627875507442	02-2020
Iran	63	0.028416779431664412	02-2020
France	50	0.02255299954894001	02-2020
Singapore	42	0.018944519621109608	02-2020
Germany	40	0.018042399639152006	02-2020
Spain	29	0.013080739738385205	02-2020
Switzerland	28	0.012629679747406405	02-2020
Australia	24	0.010825439783491205	02-2020
United Arab Emirates	23	0.010374379792512404	02-2020
USA	16132	0.2642987040647476	03-2020
United Kingdom	11805	0.19340727755295967	03-2020
Canada	3686	0.060389599750970725	03-2020
Spain	3484	0.0570801317233809	03-2020
France	3288	0.05386896472631355	03-2020
Australia	2740	0.044890803938594626	03-2020
Germany	1815	0.02973606173304717	03-2020
Switzerland	1519	0.024886544227271983	03-2020
Portugal	1281	0.02098727001654734	03-2020
Iceland	1223	0.020037026721496796	03-2020
Italy	1079	0.017677801988957517	03-2020
Denmark	1075	0.017612267968609204	03-2020
Netherlands	952	0.01559709684289857	03-2020
Japan	718	0.01176335665252224	03-2020
Belgium	707	0.01158313809656438	03-2020
Sweden	692	0.011337385520258205	03-2020
Ireland	584	0.009567966970853745	03-2020
Brazil	574	0.009404131919982961	03-2020
Austria	524	0.008584956665629044	03-2020
Thailand	523	0.008568573160541966	03-2020
United Kingdom	18513	0.29251528701670115	04-2020
USA	17969	0.28391979648912136	04-2020
Canada	4854	0.07669579231778034	04-2020
Japan	3061	0.04836543475169461	04-2020
France	2272	0.03589881337989224	04-2020
Spain	1518	0.023985210700121665	04-2020
Brazil	1388	0.021931141272575012	04-2020
Australia	1085	0.01714357945298551	04-2020
Netherlands	747	0.011802998941364218	04-2020
Ireland	702	0.011091974908751915	04-2020
Germany	695	0.010981371170345557	04-2020
Sweden	693	0.010949770102229455	04-2020
India	609	0.009622525241353158	04-2020
Italy	547	0.008642892129753986	04-2020
Switzerland	545	0.008611291061637884	04-2020
USA	12782	0.3822482729746703	05-2020
United Kingdom	6521	0.19501181255420316	05-2020
Canada	2002	0.05987021142976764	05-2020
India	1638	0.048984718442537156	05-2020
United Arab Emirates	1013	0.030293968121056253	05-2020
Brazil	685	0.020485062352343073	05-2020
Mexico	516	0.015431083465414636	05-2020
Japan	488	0.014593737851012291	05-2020
Netherlands	416	0.01244056341397769	05-2020
Qatar	391	0.011692933401118455	05-2020
South Africa	351	0.010496725380543677	05-2020
USA	15791	0.4282188957587591	06-2020
United Kingdom	7123	0.19316086343421196	06-2020
Germany	1939	0.05258162490508732	06-2020
India	1469	0.039836207831652024	06-2020
Brazil	1187	0.03218895758759085	06-2020
Canada	884	0.02397223126152511	06-2020
Australia	616	0.016704631738800303	06-2020
South Africa	528	0.014318255776114546	06-2020
Japan	505	0.013694543876776223	06-2020
Mexico	464	0.012582709621433995	06-2020
USA	24198	0.4894021519294555	07-2020
Australia	7182	0.1452552382493326	07-2020
United Kingdom	3012	0.06091740150473263	07-2020
Japan	2729	0.0551937545506027	07-2020
South Africa	1292	0.026130571960197396	07-2020
Brazil	1270	0.02568562414044171	07-2020
Hong Kong	1027	0.02077097322223121	07-2020
India	962	0.019456354663862148	07-2020
Canada	781	0.015795647601326755	07-2020
USA	15723	0.3164218152545784	08-2020
United Kingdom	7174	0.14437512577983497	08-2020
Australia	5686	0.11442946266854498	08-2020
Japan	4047	0.08144495874421413	08-2020
France	1813	0.03648621453008653	08-2020
Denmark	1704	0.03429261420809016	08-2020
Canada	1548	0.03115314952706782	08-2020
India	1390	0.027973435298852888	08-2020
Brazil	1167	0.023485610786878646	08-2020
Spain	967	0.01946065606761924	08-2020
Russia	611	0.012296236667337493	08-2020
Hong Kong	577	0.011611994365063393	08-2020
South Africa	519	0.010444757496478165	08-2020
Switzerland	508	0.010223384986918898	08-2020
USA	16924	0.30787702383118065	09-2020
United Kingdom	16269	0.29596143350918686	09-2020
France	2473	0.04498817536838275	09-2020
Denmark	2304	0.041913771147898855	09-2020
Canada	2093	0.03807531380753138	09-2020
Japan	1388	0.02525013643805712	09-2020
India	1200	0.02183008913953065	09-2020
Brazil	1114	0.02026559941786429	09-2020
Spain	1102	0.020047298526468985	09-2020
Australia	1027	0.018682917955248318	09-2020
Russia	902	0.01640895033654721	09-2020
South Africa	685	0.01246134255048208	09-2020
Iceland	606	0.01102419501546298	09-2020
Germany	558	0.010150991449881753	09-2020
United Kingdom	31995	0.35166683153625483	10-2020
USA	27267	0.2996999373495565	10-2020
Denmark	3313	0.0364141963706708	10-2020
Canada	3281	0.03606247458260516	10-2020
France	3009	0.03307283938404722	10-2020
Iceland	1980	0.02176278563656148	10-2020
Switzerland	1819	0.019993185390356227	10-2020
Japan	1467	0.01612424572163419	10-2020
Spain	1273	0.013991932381486244	10-2020
Brazil	1090	0.011980523405985865	10-2020
Germany	953	0.010474714500829844	10-2020
India	937	0.010298853606797024	10-2020
Slovenia	934	0.01026587968916587	10-2020
Netherlands	861	0.009463514360141128	10-2020
South Africa	859	0.009441531748387025	10-2020
Russia	844	0.009276662160231257	10-2020
Luxembourg	708	0.007781844560952287	10-2020
Belgium	650	0.007144348820083314	10-2020
Italy	648	0.007122366208329211	10-2020
Czech Republic	616	0.0067706444202635715	10-2020
Kenya	542	0.0059572877853617786	10-2020
USA	39249	0.32497888618411247	11-2020
United Kingdom	35192	0.2913872191034494	11-2020
Denmark	9733	0.08058853726795502	11-2020
Canada	6393	0.05293357841919619	11-2020
Switzerland	3835	0.03175352310927849	11-2020
Japan	3638	0.030122377332869658	11-2020
France	2223	0.018406279497242783	11-2020
Brazil	1779	0.014729991554473645	11-2020
Slovenia	1454	0.012039015019789028	11-2020
Germany	1301	0.010772186066537499	11-2020
India	1201	0.009944193286634541	11-2020
Netherlands	1028	0.008511765777402421	11-2020
Luxembourg	1021	0.008453806282809215	11-2020
South Africa	990	0.008197128521039296	11-2020
Spain	953	0.007890771192475202	11-2020
Russia	815	0.006748141156209118	11-2020
Kenya	708	0.005862188881712952	11-2020
Italy	685	0.005671750542335271	11-2020
Hong Kong	536	0.004438041300279862	11-2020
USA	55778	0.33491650804897233	12-2020
United Kingdom	39046	0.2344499618717088	12-2020
Denmark	17191	0.10322259116264268	12-2020
Canada	6476	0.03888485256059997	12-2020
Switzerland	5620	0.03374503881880355	12-2020
Japan	5434	0.032628210131917884	12-2020
India	3467	0.02081744654533664	12-2020
Spain	2535	0.01522129420029662	12-2020
Netherlands	2208	0.013257837315287943	12-2020
Germany	2076	0.012465249214917469	12-2020
Brazil	1950	0.011708687846382015	12-2020
South Africa	1810	0.010868064103564844	12-2020
Slovenia	1752	0.010519805695826303	12-2020
Italy	1610	0.009667173042397458	12-2020
France	1484	0.008910611673862005	12-2020
Luxembourg	1335	0.008015947833292302	12-2020
Israel	1281	0.007691707246777108	12-2020
Mexico	688	0.0041310652504158085	12-2020
Philippines	658	0.003950931591240701	12-2020
Sweden	652	0.003914904859405679	12-2020
Hong Kong	638	0.003830842485123962	12-2020
Norway	608	0.003650708825948854	12-2020
Russia	573	0.0034405528902445616	12-2020
Belgium	567	0.00340452615840954	12-2020
USA	88291	0.32071530799799486	01-2021
United Kingdom	69721	0.2532601509658765	01-2021
Denmark	15117	0.054912202953932884	01-2021
Canada	11110	0.04035685485335677	01-2021
Japan	8606	0.03126112447056601	01-2021
Switzerland	7652	0.02779573837424717	01-2021
Germany	7141	0.025939540999803844	01-2021
France	6635	0.024101506026284625	01-2021
Spain	5412	0.019658982760249043	01-2021
Sweden	4809	0.017468597208802224	01-2021
Austria	4360	0.015837613605817782	01-2021
Netherlands	3867	0.014046800874701228	01-2021
Israel	3337	0.012121586376746315	01-2021
Brazil	3178	0.011544022027359841	01-2021
Belgium	2641	0.009593380168111183	01-2021
India	2573	0.009346371515543383	01-2021
Italy	2305	0.008372866826011464	01-2021
Slovenia	2112	0.00767179815034109	01-2021
Norway	1843	0.006694660980624351	01-2021
South Africa	1777	0.006454917288426192	01-2021
Finland	1391	0.005052779937085443	01-2021
Philippines	1244	0.004518805349916816	01-2021
Portugal	1166	0.00423547189550081	01-2021
Ireland	981	0.0035634630613090006	01-2021
Indonesia	867	0.003149360320239453	01-2021
Mexico	809	0.0029386764695198586	01-2021
Czech Republic	708	0.002571795970852979	01-2021
Mayotte	678	0.0024628215653083613	01-2021
Luxembourg	588	0.002135898348674508	01-2021
Turkey	577	0.0020959410666414814	01-2021
Poland	559	0.0020305564233147107	01-2021
USA	84751	0.28074772423114125	02-2021
United Kingdom	61585	0.20400760577190635	02-2021
Germany	19069	0.06316832076746744	02-2021
Sweden	18490	0.06125031469875048	02-2021
Canada	10795	0.035759715909843774	02-2021
Denmark	9378	0.031065735600047703	02-2021
Austria	8233	0.0272727875021532	02-2021
France	8062	0.02670632975128861	02-2021
Italy	6696	0.02218129298122408	02-2021
Spain	6145	0.020356040228438167	02-2021
Netherlands	5365	0.017772197856073355	02-2021
Switzerland	4260	0.014111754495223203	02-2021
India	4113	0.01362479958658522	02-2021
Brazil	4020	0.013316726072957108	02-2021
Belgium	3939	0.0130484039804423	02-2021
Ireland	3320	0.010997893174680995	02-2021
Israel	3293	0.01090845247717606	02-2021
Finland	3173	0.010510938266043011	02-2021
Japan	3045	0.010086923107501092	02-2021
Slovenia	2874	0.0095204653566365	02-2021
Norway	2860	0.009474088698670977	02-2021
Turkey	1923	0.0063701652334070945	02-2021
Lithuania	1901	0.006297287628032703	02-2021
Mexico	1850	0.006128344088301157	02-2021
Poland	1687	0.005588387284845433	02-2021
Czech Republic	1441	0.004773483152022685	02-2021
Luxembourg	1124	0.0037233831109462164	02-2021
Portugal	1044	0.0034583736368575175	02-2021
Croatia	904	0.002994607057202295	02-2021
Latvia	871	0.002885290649140707	02-2021
Philippines	845	0.0027991625700618796	02-2021
South Korea	796	0.002636844267182552	02-2021
Russia	764	0.002530840477547072	02-2021
South Africa	690	0.002285706714015026	02-2021
Greece	661	0.0021896407796578726	02-2021
Estonia	606	0.0020074467662218923	02-2021
Reunion	556	0.0018418158449164557	02-2021
Bulgaria	535	0.0017722508579681724	02-2021
Indonesia	530	0.0017556877658376287	02-2021
USA	134818	0.2902382736142327	03-2021
United Kingdom	73211	0.15760977205989993	03-2021
Germany	35053	0.07546264004064515	03-2021
Sweden	27987	0.06025084605647266	03-2021
Canada	21943	0.0472392294642934	03-2021
France	18426	0.03966777751943992	03-2021
Denmark	16421	0.03535138253808331	03-2021
Italy	12109	0.026068442308851515	03-2021
India	9290	0.01999965554952767	03-2021
Netherlands	9092	0.01957339809002213	03-2021
Austria	8925	0.019213877909530084	03-2021
Spain	7305	0.01572631687721202	03-2021
Brazil	7169	0.015433533975733464	03-2021
Belgium	6684	0.014389418481490092	03-2021
Japan	5869	0.01263487388807082	03-2021
Switzerland	5395	0.011614439363799977	03-2021
Poland	4467	0.009616626624299258	03-2021
Norway	3829	0.008243130365892514	03-2021
Ireland	3585	0.007717843395592756	03-2021
Slovenia	3451	0.007429366125018299	03-2021
Finland	3285	0.007071998759978299	03-2021
Lithuania	3113	0.006701714502226011	03-2021
Mexico	2853	0.006141982484693482	03-2021
Turkey	2703	0.005819060166886254	03-2021
Latvia	2320	0.004994531848751798	03-2021
Estonia	1968	0.004236740809630836	03-2021
Greece	1952	0.004202295762398064	03-2021
Israel	1934	0.004163545084261196	03-2021
Luxembourg	1823	0.003924582569083848	03-2021
Philippines	1712	0.0036856200539064988	03-2021
Croatia	1604	0.0034531159850852947	03-2021
Slovakia	1529	0.0032916548261816806	03-2021
South Korea	1441	0.00310220706640144	03-2021
Czech Republic	1345	0.0028955367830048135	03-2021
Bulgaria	1337	0.002878314259388428	03-2021
Portugal	1166	0.002510182817088188	03-2021
South Africa	1025	0.002206635838349393	03-2021
Argentina	994	0.0021398985593358995	03-2021
Papua New Guinea	975	0.002098995065746984	03-2021
Russia	934	0.0020107296322130082	03-2021
Romania	667	0.0014359279065161417	03-2021
Kenya	622	0.0013390512111739732	03-2021
Peru	587	0.0012637026703522867	03-2021
Indonesia	576	0.0012400217003797566	03-2021
USA	170743	0.35721189653296737	04-2021
Germany	42584	0.08909010268040202	04-2021
United Kingdom	35781	0.0748575278040453	04-2021
Canada	28742	0.060131216683264016	04-2021
India	18324	0.038335690435743155	04-2021
Japan	16467	0.03445065566499578	04-2021
Sweden	15086	0.03156146179401993	04-2021
Denmark	14968	0.03131459367180766	04-2021
France	11595	0.02425793116145175	04-2021
Austria	10566	0.022105157451651505	04-2021
Brazil	9769	0.020437751575353356	04-2021
Italy	9392	0.01964902884591245	04-2021
Netherlands	8026	0.016791216515895796	04-2021
Spain	7914	0.0165569010100672	04-2021
Switzerland	7511	0.01571378360963037	04-2021
Belgium	6738	0.014096588198866918	04-2021
Poland	5679	0.011881051407148296	04-2021
Slovenia	4169	0.008721976283923447	04-2021
Lithuania	3997	0.008362134614258098	04-2021
Norway	3915	0.008190582190347875	04-2021
Ireland	3451	0.007219846523343682	04-2021
Mexico	2806	0.00587044026209863	04-2021
Luxembourg	2343	0.00490179669782505	04-2021
South Korea	2187	0.0045754286718495026	04-2021
Greece	1893	0.003960350469049433	04-2021
Portugal	1706	0.003569127258424898	04-2021
Latvia	1683	0.0035210088956208105	04-2021
Russia	1611	0.0033703774990167116	04-2021
Israel	1485	0.0031067725549595387	04-2021
Czech Republic	1467	0.003069114705808514	04-2021
Finland	1447	0.003027272651196264	04-2021
Argentina	1418	0.0029666016720085024	04-2021
Colombia	1407	0.002943588541971765	04-2021
Croatia	1370	0.002866180740939103	04-2021
Chile	1062	0.002221813099910458	04-2021
Philippines	1043	0.0021820631480288207	04-2021
Slovakia	1026	0.0021464974016084087	04-2021
Estonia	985	0.0020607211896532967	04-2021
Peru	900	0.0018828924575512356	04-2021
Puerto Rico	861	0.0018013004510573486	04-2021
Bulgaria	734	0.0015356034042695633	04-2021
South Africa	729	0.0015251428906165009	04-2021
Canary Islands	706	0.0014770245278124137	04-2021
USA	92756	0.25064718185404766	05-2021
United Kingdom	43160	0.11662784476282609	05-2021
Germany	29092	0.07861300416682429	05-2021
Denmark	23428	0.0633076262072171	05-2021
Canada	19907	0.053793107175476806	05-2021
Japan	18225	0.04924797198337594	05-2021
India	15712	0.04245729140207422	05-2021
Sweden	13154	0.03554501088994936	05-2021
Brazil	10251	0.027700464241513675	05-2021
Spain	8167	0.02206903633405933	05-2021
France	7655	0.020685499343360374	05-2021
Netherlands	7140	0.01929385569060654	05-2021
Belgium	6691	0.018080558603059994	05-2021
Austria	6060	0.016375457350850928	05-2021
Italy	6011	0.016243048537287943	05-2021
Switzerland	5842	0.01578637324152989	05-2021
Ireland	4724	0.01276529051574584	05-2021
Poland	4535	0.012254570806288608	05-2021
Mexico	3799	0.010265736382158858	05-2021
Norway	3590	0.009700972259002448	05-2021
Lithuania	3210	0.008674128398718067	05-2021
Slovenia	2197	0.005936778844854702	05-2021
Greece	1911	0.005163943728956457	05-2021
South Korea	1659	0.004482984116346814	05-2021
South Africa	1492	0.004031713261958678	05-2021
Chile	1399	0.0037804067382575	05-2021
Argentina	1346	0.0036371890419546783	05-2021
Thailand	1314	0.0035507179800359934	05-2021
Russia	1258	0.0033993936216782953	05-2021
Finland	1239	0.0033480514286640763	05-2021
Portugal	1210	0.003269687028800268	05-2021
Luxembourg	1204	0.0032534737046905145	05-2021
Latvia	1149	0.0031048515670177752	05-2021
Croatia	1143	0.0030886382429080217	05-2021
Slovakia	1123	0.003034593829208844	05-2021
Indonesia	1039	0.0028076072916722963	05-2021
Czech Republic	923	0.002494149692217064	05-2021
Colombia	832	0.0022482476098858043	05-2021
Philippines	791	0.0021374565618024893	05-2021
Peru	744	0.002010452189609421	05-2021
Singapore	599	0.0016186301902903807	05-2021
Turkey	582	0.0015726924386460794	05-2021
United Kingdom	97261	0.3174801617741625	06-2021
USA	53585	0.17491260082323332	06-2021
Brazil	13316	0.04346619749112952	06-2021
Canada	12644	0.0412726495252209	06-2021
India	11012	0.03594546160801428	06-2021
Japan	9525	0.031091583891784968	06-2021
Spain	9311	0.03039304331930812	06-2021
Germany	8325	0.027174533952662453	06-2021
Sweden	7411	0.024191047582364136	06-2021
Denmark	5149	0.016807408447118193	06-2021
France	5105	0.0166637832826837	06-2021
Italy	4738	0.015465818842968732	06-2021
Netherlands	4691	0.015312401053686434	06-2021
Mexico	4660	0.015211210596925769	06-2021
South Africa	3772	0.012312593641975107	06-2021
Belgium	3417	0.011153799701651363	06-2021
Austria	3356	0.010954682996412635	06-2021
Ireland	3095	0.010102724634653488	06-2021
Portugal	2707	0.008836211821003874	06-2021
South Korea	2298	0.007501150633419617	06-2021
Russia	2178	0.007109445639507365	06-2021
Indonesia	2135	0.006969084683355476	06-2021
Norway	2114	0.0069005363094208315	06-2021
Turkey	2088	0.006815666894073177	06-2021
Israel	1743	0.005689515036575454	06-2021
Chile	1658	0.005412057332554275	06-2021
Switzerland	1609	0.005252111126706773	06-2021
Philippines	1533	0.005004031297229014	06-2021
Lithuania	1479	0.004827764049968501	06-2021
Argentina	1414	0.004615590511599364	06-2021
Peru	1347	0.004396888556665024	06-2021
Finland	1254	0.004093317186383029	06-2021
Slovenia	1063	0.0034698534044060284	06-2021
Colombia	884	0.0028855601218202532	06-2021
Slovakia	817	0.0026668581668859125	06-2021
Poland	785	0.0025624035018426456	06-2021
Thailand	775	0.0025297614190166245	06-2021
Reunion	728	0.0023763436297343263	06-2021
Czech Republic	706	0.00230453104751708	06-2021
Croatia	587	0.0019160902618874304	06-2021
Luxembourg	566	0.0018475418879527865	06-2021
Latvia	537	0.0017528798477573256	06-2021
Canary Islands	509	0.001661482015844467	06-2021
Australia	504	0.0016451609744314564	06-2021
Kenya	503	0.0016418967661488543	06-2021
USA	192720	0.3194848985695127	07-2021
United Kingdom	133256	0.22090742862068793	07-2021
France	40058	0.06640683928444135	07-2021
Japan	25267	0.04188680433870837	07-2021
Denmark	19959	0.0330873759368457	07-2021
Spain	15967	0.026469569196032633	07-2021
Brazil	12629	0.020935942216865792	07-2021
Italy	11181	0.018535495282823375	07-2021
Netherlands	9709	0.01609526193550954	07-2021
Canada	9225	0.015292902601202545	07-2021
India	9212	0.01527135162734719	07-2021
Germany	9159	0.015183489964706136	07-2021
Belgium	7827	0.012975344028142256	07-2021
Sweden	6753	0.011194902034246156	07-2021
Turkey	6640	0.011007574338426546	07-2021
Ireland	5893	0.00976922222535356	07-2021
Switzerland	5515	0.009142586216328675	07-2021
Mexico	5386	0.008928734244994786	07-2021
Austria	4784	0.00793075837876997	07-2021
South Africa	4713	0.007813056906175349	07-2021
South Korea	4520	0.007493107832784336	07-2021
Australia	3530	0.005851918285338209	07-2021
Finland	3020	0.005006457003320508	07-2021
Philippines	2508	0.004157680186863521	07-2021
Portugal	2506	0.004154364652424236	07-2021
Colombia	2156	0.0035741461255493425	07-2021
Israel	2136	0.0035409907811564914	07-2021
Norway	2104	0.0034879422301279297	07-2021
Indonesia	2071	0.0034332359118797256	07-2021
Chile	2043	0.003386818429729734	07-2021
Canary Islands	1979	0.0032807213276726107	07-2021
Russia	1910	0.003166335389517275	07-2021
Lithuania	1888	0.0031298645106851387	07-2021
Slovenia	1694	0.0028082576700744835	07-2021
Luxembourg	1665	0.0027601824207048493	07-2021
Argentina	1382	0.0022910342975460073	07-2021
Reunion	1378	0.002284403228667437	07-2021
Iceland	1308	0.0021683595232924583	07-2021
Singapore	1301	0.0021567551527549604	07-2021
Peru	1248	0.0020688934901139052	07-2021
Ecuador	1115	0.0018484104499014457	07-2021
Czech Republic	1109	0.0018384638465835904	07-2021
Thailand	1012	0.0016776604262782628	07-2021
Greece	961	0.0015931142980764926	07-2021
Croatia	924	0.0015317769109497183	07-2021
Kenya	833	0.001380920093962246	07-2021
United Arab Emirates	811	0.0013444492151301099	07-2021
Martinique	777	0.0012880851296622631	07-2021
Bangladesh	772	0.0012797962935640504	07-2021
Puerto Rico	726	0.001203539001460493	07-2021
Senegal	678	0.0011239661749176504	07-2021
Slovakia	672	0.001114019571599795	07-2021
Bulgaria	562	0.0009316651774391143	07-2021
Estonia	554	0.0009184030396819739	07-2021
Poland	525	0.0008703277903123399	07-2021
Malaysia	522	0.0008653544886534123	07-2021
Gibraltar	508	0.0008421457475784166	07-2021
USA	330975	0.36236287197004535	08-2021
United Kingdom	157077	0.17197332982986271	08-2021
Japan	59190	0.06480325822768179	08-2021
Turkey	45152	0.04943397052705336	08-2021
Canada	33871	0.0370831417372835	08-2021
France	32062	0.03510258599925551	08-2021
Germany	29902	0.032737743326983294	08-2021
Denmark	24303	0.02660776456677396	08-2021
Brazil	14525	0.01590247213646018	08-2021
Switzerland	12628	0.013825570956228514	08-2021
Sweden	12608	0.013803674264818586	08-2021
Spain	11898	0.013026341719766143	08-2021
Belgium	10181	0.011146510762223828	08-2021
India	9506	0.01040749742713876	08-2021
Italy	9217	0.0100910902362653	08-2021
Austria	8790	0.009623595874663339	08-2021
Netherlands	7339	0.008034990912873064	08-2021
Australia	6873	0.0075247980030217435	08-2021
Ireland	5911	0.006471567146204209	08-2021
Mexico	5597	0.006127789091068339	08-2021
Slovenia	4780	0.005233309246972783	08-2021
Israel	4212	0.004611443210930828	08-2021
Norway	3872	0.004239199456962053	08-2021
South Africa	3431	0.0037563774113731417	08-2021
South Korea	3266	0.0035757297072412358	08-2021
Lithuania	3255	0.0035636865269657756	08-2021
Finland	2638	0.002888173596969498	08-2021
Portugal	2548	0.002789638485624822	08-2021
Iceland	2465	0.002698767216273621	08-2021
Chile	2225	0.0024360069193544854	08-2021
Philippines	2167	0.0023725065142656946	08-2021
Russia	2104	0.0023035319363244214	08-2021
Colombia	2093	0.002291488756048961	08-2021
Singapore	1772	0.0019400468589196172	08-2021
Czech Republic	1750	0.0019159604983686965	08-2021
Reunion	1738	0.0019028224835227396	08-2021
Bulgaria	1731	0.001895158641529265	08-2021
Croatia	1712	0.0018743567846898333	08-2021
Indonesia	1625	0.0017791061770566468	08-2021
Argentina	1624	0.0017780113424861502	08-2021
Poland	1489	0.0016302086754691365	08-2021
Peru	1488	0.0016291138408986402	08-2021
Malaysia	1455	0.0015929843000722591	08-2021
Slovakia	1392	0.001524009722130986	08-2021
Puerto Rico	1373	0.0015032078652915544	08-2021
Nigeria	1281	0.0014024830848058858	08-2021
Guadeloupe	1092	0.0011955593509820667	08-2021
French Guiana	1037	0.0011353434496047647	08-2021
Aruba	1033	0.001130964111322779	08-2021
Luxembourg	999	0.0010937397359259016	08-2021
Ecuador	901	0.0009864459480172546	08-2021
Kenya	897	0.000982066609735269	08-2021
Qatar	828	0.0009065230243710176	08-2021
Estonia	808	0.0008846263329610896	08-2021
Romania	802	0.0008780573255381112	08-2021
Vietnam	756	0.0008276949352952769	08-2021
Canary Islands	752	0.0008233155970132913	08-2021
Sint Maarten	741	0.0008112724167378309	08-2021
Bangladesh	709	0.0007762377104819462	08-2021
New Zealand	699	0.0007652893647769822	08-2021
Thailand	667	0.0007302546585210974	08-2021
Latvia	638	0.0006985044559767019	08-2021
Pakistan	637	0.0006974096214062055	08-2021
Martinique	625	0.0006842716065602487	08-2021
United Arab Emirates	599	0.0006558059077273424	08-2021
USA	296319	0.3955128256464879	09-2021
United Kingdom	171701	0.2291785126040774	09-2021
Germany	40984	0.05470353789765644	09-2021
Canada	21607	0.02884001911367028	09-2021
Japan	18679	0.024931860833259923	09-2021
Brazil	13541	0.01807389729338683	09-2021
France	12449	0.01661634645929936	09-2021
India	11108	0.014826442000955684	09-2021
Denmark	11006	0.014690297142826634	09-2021
Switzerland	9153	0.012216998886815572	09-2021
Sweden	8545	0.011405468752085552	09-2021
Australia	7679	0.010249572211499702	09-2021
Spain	7484	0.009989295276841226	09-2021
Belgium	7054	0.009415351267081509	09-2021
Italy	6983	0.009320583767795602	09-2021
Turkey	6547	0.008738631236969469	09-2021
Austria	6186	0.00825678521947352	09-2021
Netherlands	5775	0.007708201526424115	09-2021
Mexico	5292	0.007063515580577735	09-2021
Slovenia	5042	0.006729827202810457	09-2021
Ireland	4997	0.006669763294812347	09-2021
Norway	4647	0.006202599565938158	09-2021
South Korea	3642	0.004861172287313702	09-2021
Israel	3606	0.0048131211609152135	09-2021
Poland	3258	0.004348626939063164	09-2021
Chile	3214	0.004289897784576122	09-2021
Czech Republic	2859	0.0038160602881465878	09-2021
Romania	2202	0.002939127231374182	09-2021
Portugal	2107	0.002812325647822617	09-2021
Slovakia	2097	0.0027989781127119254	09-2021
Lithuania	2059	0.0027482574792912994	09-2021
South Africa	1951	0.002604104100095835	09-2021
Peru	1946	0.00259743033254049	09-2021
Colombia	1829	0.0024412641717454038	09-2021
Bulgaria	1778	0.0023731917426808792	09-2021
Finland	1763	0.0023531704400148426	09-2021
Malaysia	1726	0.002303784560105285	09-2021
Croatia	1653	0.0022063475537972403	09-2021
Russia	1644	0.0021943347721976184	09-2021
Singapore	1553	0.0020728722026903293	09-2021
Luxembourg	1398	0.0018659854084746169	09-2021
Thailand	1344	0.001793908718876885	09-2021
Greece	1308	0.001745857592478397	09-2021
Argentina	1021	0.0013627833348015621	09-2021
French Guiana	978	0.0013053889338255904	09-2021
Indonesia	869	0.0011599008011190573	09-2021
Puerto Rico	843	0.0011251972098312605	09-2021
Nigeria	814	0.0010864893580102562	09-2021
Reunion	801	0.0010691375623663579	09-2021
Estonia	746	0.0009957261192575567	09-2021
United Arab Emirates	701	0.0009356622112594468	09-2021
Latvia	643	0.0008582465076174383	09-2021
Papua New Guinea	620	0.0008275471768628488	09-2021
Nepal	580	0.0007741570364200843	09-2021
Pakistan	552	0.0007367839381101492	09-2021
New Zealand	542	0.0007234364029994581	09-2021
Kenya	520	0.0006940718257559377	09-2021
Vietnam	515	0.0006873980582005921	09-2021
USA	250789	0.3614117002802937	10-2021
United Kingdom	180131	0.25958654878479354	10-2021
Germany	31679	0.04565256551594936	10-2021
Denmark	24667	0.03554758147611739	10-2021
France	19885	0.02865624752311162	10-2021
Canada	18546	0.026726616372322258	10-2021
India	11591	0.016703774958028002	10-2021
Brazil	10388	0.014970133229574228	10-2021
Switzerland	9072	0.013073647348738678	10-2021
Sweden	8239	0.011873212136933198	10-2021
Belgium	7759	0.011181484763984062	10-2021
Austria	7021	0.010117953928074764	10-2021
Netherlands	6540	0.009424785456431984	10-2021
Ireland	6456	0.009303733166165885	10-2021
Italy	6182	0.008908872124107419	10-2021
Slovenia	6157	0.008872844656766318	10-2021
Spain	5489	0.007910190729412105	10-2021
Poland	5388	0.0077646397613540565	10-2021
Australia	5078	0.007317899166324406	10-2021
Czech Republic	4550	0.006556999056080356	10-2021
Norway	4237	0.006105935164969773	10-2021
Mexico	4058	0.005847978498807491	10-2021
South Korea	3920	0.005649106879084614	10-2021
Slovakia	3583	0.005163456619326575	10-2021
Chile	2941	0.0042382712580071044	10-2021
Israel	2807	0.004045164033058804	10-2021
Russia	2692	0.0038794376832897402	10-2021
Thailand	2398	0.003455754667358394	10-2021
Turkey	2331	0.003359201054884244	10-2021
Portugal	2198	0.0031675349286295874	10-2021
Japan	2169	0.00312574306651391	10-2021
Lithuania	2135	0.003076745710930013	10-2021
Bulgaria	2104	0.003032071651427048	10-2021
Colombia	1869	0.0026934134584207	10-2021
Peru	1805	0.0026011831420274818	10-2021
Luxembourg	1643	0.0023677251536571484	10-2021
Finland	1638	0.002360519660188928	10-2021
Romania	1614	0.002325933291541471	10-2021
Croatia	1585	0.0022841414294257944	10-2021
Argentina	1497	0.002157324744385119	10-2021
New Zealand	1268	0.0018273131435406354	10-2021
Singapore	1219	0.0017566993075520778	10-2021
Latvia	1115	0.001606825043413098	10-2021
Malaysia	1089	0.0015693564773783533	10-2021
Bahrain	958	0.0013805725485109847	10-2021
South Africa	835	0.0012033174091927686	10-2021
Estonia	730	0.001052002046360145	10-2021
Papua New Guinea	672	0.000968418322128791	10-2021
United Arab Emirates	605	0.0008718647096546407	10-2021
Reunion	505	0.0007277548402902373	10-2021
USA	266393	0.3101827378304802	11-2021
United Kingdom	238722	0.27796317298265305	11-2021
Denmark	50988	0.059369418252358454	11-2021
Germany	47959	0.05584251059003803	11-2021
France	45417	0.05288265609098933	11-2021
Canada	24232	0.028215261298563388	11-2021
Switzerland	15000	0.017465703180853862	11-2021
Sweden	10889	0.012678936129087848	11-2021
Brazil	10502	0.012228320987021818	11-2021
India	9867	0.01148893955236567	11-2021
Spain	9153	0.010657572080957028	11-2021
Belgium	8896	0.010358326366458398	11-2021
Italy	8845	0.010298942975643495	11-2021
Netherlands	8311	0.009677163942405097	11-2021
Poland	6847	0.00797251131195376	11-2021
Slovenia	6111	0.007115527475879864	11-2021
Turkey	5121	0.005962791065943509	11-2021
Norway	5050	0.005880120070887468	11-2021
Australia	4741	0.005520326585361878	11-2021
Israel	4723	0.005499367741544853	11-2021
South Korea	4372	0.005090670287112873	11-2021
Czech Republic	4202	0.004892725651063195	11-2021
Austria	3811	0.004437452988148938	11-2021
Slovakia	3797	0.004421151665180141	11-2021
Mexico	3127	0.003641016923102002	11-2021
Ireland	2883	0.0033569081513601124	11-2021
Lithuania	2673	0.0031123883068281586	11-2021
Russia	2458	0.0028620465612359198	11-2021
Portugal	2440	0.002841087717418895	11-2021
Luxembourg	2148	0.0025010886954982734	11-2021
Bulgaria	2112	0.002459171007864224	11-2021
Thailand	1852	0.0021564321527294235	11-2021
Peru	1849	0.002152939012093253	11-2021
Argentina	1814	0.0021121857046712605	11-2021
South Africa	1796	0.002091226860854236	11-2021
Croatia	1796	0.002091226860854236	11-2021
Chile	1744	0.002030679089827276	11-2021
Greece	1670	0.0019445149541350635	11-2021
Colombia	1542	0.0017954742869917772	11-2021
Latvia	1406	0.0016371185781520355	11-2021
Reunion	1371	0.0015963652707300432	11-2021
Finland	1319	0.001535817499703083	11-2021
New Zealand	1090	0.0012691744311420475	11-2021
Singapore	1072	0.0012482155873250228	11-2021
Malaysia	1023	0.0011911609569342334	11-2021
Bahrain	856	0.0009967094615207272	11-2021
Japan	845	0.000983901279188101	11-2021
Estonia	703	0.0008185592890760177	11-2021
Gibraltar	653	0.0007603402784731715	11-2021
Puerto Rico	646	0.000752189616988773	11-2021
Romania	518	0.0006031489498454867	11-2021
USA	374253	0.33438435352876533	12-2021
United Kingdom	286953	0.25638429992048106	12-2021
Germany	57453	0.05133261259973375	12-2021
France	52297	0.0467258740384014	12-2021
Denmark	46793	0.041808207428321253	12-2021
Canada	35867	0.03204613886332568	12-2021
India	22210	0.01984399989278343	12-2021
Sweden	13918	0.012435335007103098	12-2021
Spain	13608	0.01215835887172431	12-2021
Australia	12216	0.01091464667673311	12-2021
Switzerland	12019	0.010738632810056914	12-2021
Italy	11939	0.010667155097701098	12-2021
Belgium	10711	0.009569972213039322	12-2021
Netherlands	9152	0.008177050293505357	12-2021
Poland	8847	0.007904541515148808	12-2021
Brazil	8507	0.007600761237636589	12-2021
Russia	7630	0.006817186815935956	12-2021
Israel	7390	0.006602753678868508	12-2021
Slovenia	6674	0.0059630281532839545	12-2021
Turkey	6303	0.005631550262233857	12-2021
Croatia	6133	0.005479660123477748	12-2021
South Africa	5442	0.004862271383004387	12-2021
Norway	5375	0.004802408798906391	12-2021
Iceland	5197	0.0046433708889147005	12-2021
Ireland	5122	0.004576360533581123	12-2021
Mexico	4980	0.004449487594149549	12-2021
Austria	4600	0.004109968460459423	12-2021
Czech Republic	4187	0.0037409647704225225	12-2021
Lithuania	3992	0.003566737846555221	12-2021
South Korea	3583	0.0032013080421361114	12-2021
Chile	3125	0.0027920981388990644	12-2021
Japan	2915	0.0026044691439650472	12-2021
Thailand	2718	0.0024284552772888502	12-2021
Luxembourg	2642	0.002360551450550825	12-2021
Finland	2599	0.002322132180159574	12-2021
Kenya	2480	0.0022158090830302975	12-2021
Argentina	2432	0.002172922455616808	12-2021
Peru	2418	0.0021604138559545402	12-2021
Nigeria	2182	0.0019495546045048828	12-2021
Portugal	1971	0.001761032138166418	12-2021
Slovakia	1971	0.001761032138166418	12-2021
Malaysia	1861	0.001662750283677171	12-2021
Puerto Rico	1843	0.0016466677983971124	12-2021
Bulgaria	1493	0.001333952806840417	12-2021
Colombia	1475	0.0013178703215603585	12-2021
Latvia	1395	0.0012463926092045423	12-2021
Reunion	1341	0.0011981451533643666	12-2021
Indonesia	1227	0.0010962894132573286	12-2021
Bahrain	1227	0.0010962894132573286	12-2021
Singapore	1213	0.0010837808135950608	12-2021
Greece	1091	0.0009747773022524414	12-2021
Botswana	1088	0.0009720968880390983	12-2021
New Zealand	959	0.0008568390768653449	12-2021
Estonia	781	0.0006978011668736542	12-2021
Philippines	747	0.0006674231391224324	12-2021
Northern Mariana Islands	727	0.0006495537110334784	12-2021
United Arab Emirates	682	0.0006093474978333318	12-2021
Romania	662	0.0005914780697443778	12-2021
Ghana	657	0.0005870107127221393	12-2021
Cyprus	655	0.0005852237699132439	12-2021
USA	472006	0.3435436808053959	01-2022
United Kingdom	307298	0.22366301704668276	01-2022
Germany	66467	0.04837717705302951	01-2022
Denmark	64089	0.046646379408602896	01-2022
France	49829	0.03626741624227674	01-2022
Japan	46190	0.033618815473534736	01-2022
India	35076	0.02552962917405725	01-2022
Canada	29339	0.02135402526906334	01-2022
Brazil	27812	0.02024261736198199	01-2022
Poland	21621	0.015736575218733374	01-2022
Sweden	16993	0.012368143133617142	01-2022
Belgium	16477	0.011992578968552324	01-2022
Spain	12447	0.009059393725894932	01-2022
Switzerland	12311	0.008960407821924359	01-2022
Italy	12228	0.008899997307001141	01-2022
Australia	11891	0.008654716059662297	01-2022
Israel	11059	0.00804915523537174	01-2022
Austria	9875	0.007187395600804406	01-2022
Ireland	8958	0.0065199685865322396	01-2022
Netherlands	8832	0.006428261057853621	01-2022
Mexico	7541	0.005488622807662383	01-2022
Slovenia	7164	0.005214228059155723	01-2022
Indonesia	7094	0.0051632794321120465	01-2022
Norway	5950	0.004330633298712528	01-2022
Croatia	5821	0.004236742257446324	01-2022
Russia	5769	0.004198894705928164	01-2022
Czech Republic	5556	0.004043865312209547	01-2022
Turkey	4898	0.0035649482179989853	01-2022
Philippines	4526	0.003294192657138303	01-2022
Slovakia	4312	0.003138435425890491	01-2022
South Korea	3933	0.002862585002325441	01-2022
Thailand	3931	0.0028611293272670503	01-2022
Colombia	3703	0.0026951823706105027	01-2022
Luxembourg	3360	0.0024455340980964863	01-2022
Finland	3064	0.002230094189454653	01-2022
South Africa	3057	0.0022249993267502853	01-2022
Bulgaria	2956	0.002151487736301552	01-2022
Peru	2587	0.0018829156880284556	01-2022
Portugal	2516	0.0018312392234555834	01-2022
Iceland	2348	0.001708962518550759	01-2022
Lithuania	2158	0.0015706733880036362	01-2022
Chile	2116	0.0015401042117774303	01-2022
Malaysia	1897	0.0013807077928836412	01-2022
Romania	1816	0.0013217529530188154	01-2022
Latvia	1573	0.0011448884334243374	01-2022
Argentina	1505	0.0010953954814390513	01-2022
Reunion	1472	0.0010713768429756036	01-2022
Puerto Rico	1437	0.0010459025294537651	01-2022
Singapore	1313	0.0009556506758335377	01-2022
New Zealand	1301	0.0009469166254831931	01-2022
Hong Kong	1265	0.0009207144744321594	01-2022
Bangladesh	1037	0.000754767517775612	01-2022
Kenya	980	0.0007132807786114753	01-2022
Cyprus	869	0.0006324908128707877	01-2022
Senegal	776	0.0005648019226556171	01-2022
Ecuador	768	0.0005589792224220541	01-2022
Kazakhstan	751	0.0005466059844257326	01-2022
Estonia	737	0.0005364162590169971	01-2022
Brunei	683	0.0004971130324404465	01-2022
Nepal	573	0.0004170509042289544	01-2022
Greece	549	0.0003995828035282652	01-2022
Vietnam	533	0.0003879374030611391	01-2022
Botswana	501	0.0003646466021268868	01-2022
United Kingdom	274860	0.28776601814791586	02-2022
USA	229502	0.2402782387287455	02-2022
Germany	80925	0.08472482361427669	02-2022
Denmark	56186	0.05882420685315725	02-2022
France	40240	0.04212946434647506	02-2022
Japan	22817	0.023888369482940392	02-2022
India	22701	0.02376692271693167	02-2022
Canada	18839	0.019723582972744624	02-2022
Sweden	15604	0.016336683937932327	02-2022
Belgium	13533	0.014168440382724825	02-2022
Brazil	13137	0.013753846250488143	02-2022
Poland	12363	0.012943503173843717	02-2022
Austria	9807	0.010267486502134217	02-2022
Spain	9410	0.00985184541501815	02-2022
Switzerland	9323	0.009760760340511605	02-2022
Israel	9053	0.009478082523077504	02-2022
Australia	8318	0.008708570686729113	02-2022
Netherlands	7041	0.00737160930575375	02-2022
Italy	6458	0.006761234611071967	02-2022
Norway	5606	0.005869229053835467	02-2022
Slovakia	4850	0.0050777311650199814	02-2022
Slovenia	4643	0.004861011504987169	02-2022
South Korea	4587	0.004802382031741578	02-2022
Czech Republic	4272	0.004472591244735126	02-2022
Thailand	3591	0.003759614971873557	02-2022
Mexico	3530	0.003695750724231038	02-2022
Russia	3406	0.003565928319187228	02-2022
Croatia	3349	0.003506251891062251	02-2022
Luxembourg	2973	0.0031125968564132793	02-2022
Turkey	2682	0.0028079329865120803	02-2022
Lithuania	2669	0.002794322573080068	02-2022
Malaysia	2536	0.002655077574121788	02-2022
Indonesia	2490	0.002606917649670052	02-2022
Bahrain	2400	0.0025126917105253513	02-2022
Greece	2300	0.0024079962225867953	02-2022
Peru	2250	0.002355648478617517	02-2022
Finland	2144	0.0022446712614026475	02-2022
Romania	2019	0.002113801901479452	02-2022
Bulgaria	2005	0.0020991445331680542	02-2022
Portugal	1981	0.0020740176160628006	02-2022
Ireland	1905	0.001994449045229498	02-2022
Latvia	1875	0.001963040398847931	02-2022
New Zealand	1440	0.001507615026315211	02-2022
Philippines	1382	0.0014468916433108482	02-2022
Hong Kong	1364	0.0014280464554819081	02-2022
Chile	1279	0.0013390552907341351	02-2022
South Africa	1253	0.0013118344638701105	02-2022
Iceland	1137	0.0011903876978613852	02-2022
Singapore	1025	0.0010731287513702022	02-2022
Colombia	866	0.0009066629255478977	02-2022
Cyprus	750	0.0007852161595391724	02-2022
Puerto Rico	743	0.0007778874753834734	02-2022
Mauritius	699	0.0007318214606905086	02-2022
Vietnam	647	0.0006773798069624593	02-2022
Ecuador	621	0.0006501589800984347	02-2022
Argentina	617	0.0006459711605808924	02-2022
Estonia	598	0.0006260790178725668	02-2022
Iran	561	0.0005873416873353009	02-2022
Reunion	532	0.0005569799958331196	02-2022
United Kingdom	313363	0.3776044710563449	03-2022
USA	89716	0.1081083686500673	03-2022
Germany	87828	0.10583331626240705	03-2022
Denmark	60795	0.07325837389184583	03-2022
France	47510	0.05724986172549709	03-2022
Japan	21733	0.02618840759587936	03-2022
Canada	21071	0.025390693252324757	03-2022
Australia	13367	0.016107322704372127	03-2022
Belgium	11790	0.01420702735726396	03-2022
Israel	11647	0.014034711419003677	03-2022
Sweden	10783	0.012993585750074409	03-2022
Austria	10109	0.01218141132778468	03-2022
Spain	10085	0.012152491170314422	03-2022
Netherlands	7501	0.009038754216016706	03-2022
Italy	7422	0.00894355869767711	03-2022
Switzerland	6759	0.008144639347561248	03-2022
Norway	6212	0.00748550075855163	03-2022
Brazil	5967	0.007190274151042752	03-2022
South Korea	5690	0.006856487333573531	03-2022
Malaysia	5540	0.006675736349384422	03-2022
Slovakia	5330	0.00642268497151967	03-2022
Ireland	5309	0.006397379833733194	03-2022
Czech Republic	4481	0.005399634401009314	03-2022
Slovenia	4277	0.005153813062512125	03-2022
Poland	3739	0.004505519532553855	03-2022
India	3312	0.003990981730895525	03-2022
Luxembourg	3077	0.003707805188999254	03-2022
Thailand	2834	0.003414988594612898	03-2022
Lithuania	2493	0.00300408135722299	03-2022
Croatia	2445	0.0029462410422824753	03-2022
Portugal	2313	0.0027871801761960593	03-2022
Finland	2234	0.002691984657856462	03-2022
Turkey	1876	0.002260592308925122	03-2022
Indonesia	1839	0.0022160070661584753	03-2022
New Zealand	1634	0.0019689807211000264	03-2022
South Africa	1546	0.0018629401437090824	03-2022
Chile	1497	0.001803894822207307	03-2022
Romania	1358	0.001636398910192066	03-2022
Mexico	1328	0.0016002487133542442	03-2022
Singapore	1275	0.0015363833656074257	03-2022
Latvia	1269	0.0015291533262398614	03-2022
Russia	1250	0.0015062582015759076	03-2022
Reunion	1107	0.0013339422633156237	03-2022
Vietnam	1064	0.0012821269811814126	03-2022
Cyprus	958	0.0011543962856877755	03-2022
Bulgaria	910	0.0010965559707472607	03-2022
Greece	907	0.0010929409510634785	03-2022
Hong Kong	906	0.001091735944502218	03-2022
Peru	885	0.0010664308067157425	03-2022
Bahrain	837	0.0010085904917752277	03-2022
Estonia	802	0.0009664152621311023	03-2022
China	751	0.0009049599275068053	03-2022
Northern Mariana Islands	636	0.0007663841729618218	03-2022
Puerto Rico	620	0.0007471040679816502	03-2022
Mauritius	505	0.0006085283134366667	03-2022
USA	140703	0.25598560543762233	04-2022
United Kingdom	87715	0.15958279056566702	04-2022
Germany	58810	0.10699497136369922	04-2022
Denmark	38838	0.07065925349129995	04-2022
France	38424	0.06990604964595781	04-2022
Japan	24079	0.043807718338148505	04-2022
Canada	22254	0.04048743568657987	04-2022
Australia	11573	0.021055140343344516	04-2022
Austria	11136	0.02026009183992781	04-2022
Israel	9274	0.016872493868847926	04-2022
Spain	8115	0.014763886968481877	04-2022
Belgium	7771	0.014138036430323186	04-2022
South Korea	7690	0.013990670460582333	04-2022
Italy	7526	0.013692299855181096	04-2022
Netherlands	5273	0.009593342696833634	04-2022
Ireland	4388	0.007983233027442818	04-2022
Sweden	3718	0.006764279944401185	04-2022
Czech Republic	3702	0.006735170617044967	04-2022
Slovakia	3150	0.005730898823255442	04-2022
Brazil	2995	0.005448902214492079	04-2022
India	2931	0.005332464905067206	04-2022
Norway	2803	0.005099590286217461	04-2022
Luxembourg	2705	0.004921295656160625	04-2022
Malaysia	2636	0.004795761681936935	04-2022
South Africa	2632	0.00478848435009788	04-2022
Turkey	2308	0.004199020471134463	04-2022
Switzerland	2252	0.0040971378253877	04-2022
Portugal	2226	0.004049835168433846	04-2022
Lithuania	2197	0.0039970745126007	04-2022
Slovenia	2155	0.0039206625282906275	04-2022
Thailand	1769	0.0032184000058218653	04-2022
New Zealand	1759	0.003200206676224229	04-2022
Finland	1604	0.002918210067460866	04-2022
Puerto Rico	1562	0.0028417980831507935	04-2022
Chile	1425	0.002592549467663176	04-2022
Croatia	1394	0.0025361501459105033	04-2022
Greece	1229	0.002235960207549504	04-2022
Singapore	1133	0.0020613042434121953	04-2022
Reunion	1030	0.0018739129485565412	04-2022
Poland	887	0.001613748335310342	04-2022
Mexico	806	0.0014663823655694877	04-2022
Estonia	758	0.0013790543835008333	04-2022
Russia	743	0.0013517643891043788	04-2022
Romania	682	0.0012407850785587972	04-2022
Hong Kong	654	0.0011898437556854154	04-2022
Indonesia	611	0.0011116124384155793	04-2022
Bahrain	551	0.0010024524608297613	04-2022
Vietnam	534	0.0009715238005137796	04-2022
Colombia	528	0.0009606078027551979	04-2022
Cyprus	518	0.0009424144731575616	04-2022
USA	196017	0.4053321367422394	05-2022
Germany	40031	0.08277777318257389	05-2022
France	30838	0.06376810395454056	05-2022
Japan	23964	0.04955375974987386	05-2022
United Kingdom	22796	0.0471385205832968	05-2022
Canada	16920	0.03498788244733207	05-2022
Denmark	14799	0.030601990090902323	05-2022
Austria	12990	0.02686126436116097	05-2022
Australia	12513	0.025874903845358524	05-2022
Spain	10293	0.021284295155460344	05-2022
Israel	9194	0.019011737069785522	05-2022
Brazil	7837	0.016205675812041458	05-2022
South Korea	7278	0.015049752272558085	05-2022
Italy	5791	0.011974871587027189	05-2022
Belgium	5202	0.010756912794977626	05-2022
India	4336	0.008966161837566895	05-2022
Netherlands	4156	0.008593950322169745	05-2022
Ireland	3794	0.007845391607871033	05-2022
South Africa	2937	0.006073251226230159	05-2022
Luxembourg	2929	0.006056708492212508	05-2022
Sweden	2720	0.005624529566001373	05-2022
Portugal	2711	0.005605918990231515	05-2022
New Zealand	2281	0.004716747036782769	05-2022
Thailand	2272	0.004698136461012911	05-2022
Mexico	2271	0.0046960686192607055	05-2022
Chile	2170	0.00448721660228786	05-2022
Switzerland	2158	0.004462402501261384	05-2022
Norway	1722	0.0035608234972993986	05-2022
Czech Republic	1612	0.003333360904556696	05-2022
Finland	1609	0.003327157379300077	05-2022
Puerto Rico	1583	0.0032733934937427107	05-2022
Malaysia	1539	0.00318240845664563	05-2022
Singapore	1418	0.002932199604628657	05-2022
Taiwan	1413	0.0029218603958676252	05-2022
Peru	1224	0.002531038304700618	05-2022
Slovakia	1126	0.0023283898129843918	05-2022
Croatia	1104	0.0022828972944358514	05-2022
Colombia	1061	0.0021939800990909766	05-2022
Turkey	892	0.0018445148429680972	05-2022
Hong Kong	849	0.0017555976476232226	05-2022
Reunion	843	0.0017431905971099844	05-2022
Estonia	819	0.0016935623950570312	05-2022
China	810	0.0016749518192871735	05-2022
Slovenia	803	0.0016604769270217288	05-2022
Jamaica	686	0.0014185394420135817	05-2022
Costa Rica	651	0.001346164980686358	05-2022
Bahrain	642	0.0013275544049165006	05-2022
Mauritius	592	0.001224162317306181	05-2022
Russia	577	0.0011931446910230855	05-2022
USA	178932	0.3398124813649321	06-2022
Germany	49842	0.09465569990941221	06-2022
United Kingdom	41196	0.07823594987095513	06-2022
France	29696	0.056396125045341375	06-2022
Denmark	18282	0.034719624127119174	06-2022
Japan	17652	0.03352318154971599	06-2022
Austria	14363	0.027276991649590455	06-2022
Canada	14153	0.026878177457122728	06-2022
Israel	14126	0.02682690134666259	06-2022
India	13764	0.026139421643456312	06-2022
Brazil	11334	0.021524571702044016	06-2022
Australia	10380	0.01971281579911919	06-2022
Spain	9886	0.018774652889218913	06-2022
Ireland	7757	0.014731436623677029	06-2022
South Korea	7101	0.013485617051015931	06-2022
Belgium	7089	0.013462827668589205	06-2022
Mexico	5553	0.010545786717968098	06-2022
Italy	5170	0.00981842559551505	06-2022
Netherlands	4598	0.008732131699841043	06-2022
Sweden	4495	0.008536522834011634	06-2022
Indonesia	4134	0.007850942246007585	06-2022
Peru	3531	0.006705775779064534	06-2022
Luxembourg	2706	0.005139005737227026	06-2022
Switzerland	2498	0.0047439897751637514	06-2022
New Zealand	2459	0.004669924282276887	06-2022
Chile	2438	0.004630042863030114	06-2022
Colombia	2288	0.004345175582696022	06-2022
Malaysia	2093	0.003974848118261702	06-2022
Norway	2077	0.003944462275026065	06-2022
Thailand	1989	0.0037773401372300647	06-2022
Czech Republic	1963	0.0037279631419721553	06-2022
Portugal	1852	0.0035171613545249268	06-2022
Singapore	1797	0.0034127100184024265	06-2022
Puerto Rico	1770	0.0033614339079422895	06-2022
Finland	1622	0.0030803648580126517	06-2022
Hong Kong	1544	0.0029322338722389237	06-2022
Turkey	1340	0.0025448143709845585	06-2022
Reunion	1167	0.0022162674409992385	06-2022
Greece	1104	0.0020966231832589195	06-2022
Croatia	1081	0.002052943533607692	06-2022
South Africa	1076	0.0020434479575965558	06-2022
Kenya	960	0.001823150594138191	06-2022
Botswana	936	0.0017775718292847363	06-2022
Slovakia	932	0.0017699753684758271	06-2022
Slovenia	865	0.0016427346499265992	06-2022
Costa Rica	683	0.001297095683121234	06-2022
Argentina	668	0.0012686089550878246	06-2022
Morocco	653	0.0012401222270544154	06-2022
Ghana	628	0.0011926443469987332	06-2022
Russia	599	0.001137570006134142	06-2022
Philippines	548	0.0010407151308205508	06-2022
USA	190951	0.32202580914990353	07-2022
Japan	58475	0.09861409047368493	07-2022
United Kingdom	46495	0.07841063935996546	07-2022
Germany	34227	0.05772149593232687	07-2022
France	26585	0.044833785297014345	07-2022
Israel	22100	0.03727013936671119	07-2022
Denmark	19207	0.032391292616127686	07-2022
Canada	17805	0.030026915449063017	07-2022
India	13880	0.02340767124026929	07-2022
Austria	12976	0.021883137032689792	07-2022
Brazil	11244	0.018962237422592787	07-2022
Australia	11054	0.018641815409937805	07-2022
Spain	10440	0.01760634637956854	07-2022
Sweden	8278	0.013960281161883947	07-2022
Belgium	7360	0.012412136911266712	07-2022
Italy	7257	0.012238434451774801	07-2022
South Korea	7089	0.011955113935321974	07-2022
Peru	5562	0.009379932812563241	07-2022
Mexico	5475	0.00923321325940017	07-2022
Netherlands	5052	0.008519852673331444	07-2022
Russia	5025	0.008474319018901525	07-2022
Indonesia	4171	0.007034106393599655	07-2022
New Zealand	3434	0.005791206270827431	07-2022
Ireland	3416	0.005760850501207485	07-2022
Malaysia	3119	0.00525998030247838	07-2022
Luxembourg	2831	0.004774287988559248	07-2022
Slovakia	2586	0.004361112235398875	07-2022
Chile	2270	0.0038281998354042714	07-2022
Switzerland	2256	0.003804589792366536	07-2022
Czech Republic	2243	0.0037826661809743528	07-2022
Slovenia	2082	0.0035111506860403935	07-2022
Croatia	1880	0.0031704914936387797	07-2022
Singapore	1750	0.002951255379716949	07-2022
Finland	1721	0.0029023488619959255	07-2022
Thailand	1699	0.00286524736579377	07-2022
Hong Kong	1508	0.002543138921493234	07-2022
Portugal	1486	0.002506037425291078	07-2022
Greece	1485	0.0025043509936455255	07-2022
Norway	1358	0.002290174174660353	07-2022
Philippines	1332	0.0022463269518759868	07-2022
Puerto Rico	1209	0.0020388958594730238	07-2022
Turkey	1173	0.001978184320233132	07-2022
Romania	1122	0.0018921763063099526	07-2022
Colombia	995	0.0016779994873247798	07-2022
Poland	940	0.0015852457468193899	07-2022
Argentina	912	0.0015380256607439187	07-2022
Ecuador	812	0.0013693824961886645	07-2022
Latvia	771	0.0013002387987210103	07-2022
Costa Rica	718	0.0012108579215067254	07-2022
Vietnam	615	0.0010371554620148137	07-2022
South Africa	518	0.000873571592396217	07-2022
USA	149946	0.34760817405213684	08-2022
Japan	40593	0.09410360135847833	08-2022
Germany	22178	0.051413536100518124	08-2022
United Kingdom	19378	0.044922513416712065	08-2022
Canada	15995	0.0370799670812421	08-2022
Austria	15662	0.0363079990263466	08-2022
Denmark	14574	0.03378577306921053	08-2022
France	13932	0.03229747429670928	08-2022
Australia	9882	0.022908673629061235	08-2022
South Korea	9238	0.02141573841178584	08-2022
Russia	8483	0.01966548050954528	08-2022
India	8103	0.018784556002457316	08-2022
Sweden	6741	0.015627137111263085	08-2022
Israel	6684	0.01549499843519989	08-2022
Spain	5353	0.012409444438004938	08-2022
Netherlands	4606	0.010677732314860964	08-2022
Mexico	4410	0.01022336072699454	08-2022
Belgium	4231	0.009808398919708368	08-2022
Italy	3776	0.008753607733589883	08-2022
Indonesia	3656	0.008475421047141052	08-2022
Peru	3639	0.008436011266560801	08-2022
New Zealand	3434	0.007960775677210714	08-2022
Brazil	3402	0.00788659256082436	08-2022
Luxembourg	2764	0.006407566677871408	08-2022
Czech Republic	2754	0.006384384454000672	08-2022
Ireland	2747	0.006368156897291157	08-2022
Switzerland	2216	0.00513718080975508	08-2022
Malaysia	2178	0.005049088359046283	08-2022
Chile	2002	0.004641081218921331	08-2022
Slovakia	1966	0.004557625212986682	08-2022
Poland	1858	0.004307257195182734	08-2022
Latvia	1850	0.004288711416086145	08-2022
Philippines	1704	0.003950250947573401	08-2022
Turkey	1566	0.003630336258157245	08-2022
Singapore	1566	0.003630336258157245	08-2022
Thailand	1502	0.003481970025384535	08-2022
Slovenia	1500	0.003477333580610388	08-2022
Croatia	1484	0.0034402420224172105	08-2022
Hong Kong	1416	0.0032826029000962063	08-2022
Norway	1298	0.0030090526584215225	08-2022
Romania	1115	0.002584817961587055	08-2022
Portugal	1096	0.0025407717362326567	08-2022
Finland	1096	0.0025407717362326567	08-2022
Vietnam	974	0.0022579486050096787	08-2022
Puerto Rico	932	0.0021605832647525877	08-2022
Ecuador	810	0.0018777601335296095	08-2022
Greece	794	0.001840668575336432	08-2022
Colombia	717	0.0016621654515317655	08-2022
Reunion	715	0.0016575290067576182	08-2022
China	693	0.0016065281142419992	08-2022
Costa Rica	685	0.0015879823351454105	08-2022
Argentina	651	0.0015091627739849084	08-2022
Mauritius	637	0.001476707660565878	08-2022
Brunei	585	0.0013561600964380513	08-2022
Estonia	554	0.00128429520243877	08-2022
USA	105311	0.31835632837156436	09-2022
Japan	24208	0.07318105418445205	09-2022
Germany	23608	0.07136724748787772	09-2022
United Kingdom	16667	0.050384527019673754	09-2022
Canada	15695	0.04744616017122335	09-2022
Denmark	15546	0.046995731508240726	09-2022
Austria	13960	0.0422012358069626	09-2022
France	13516	0.0408590188514976	09-2022
South Korea	8456	0.025562582377054135	09-2022
Australia	7527	0.022754205008524892	09-2022
Russia	7389	0.022337029468312796	09-2022
Sweden	5985	0.018092721798328878	09-2022
Israel	5062	0.015302482496765378	09-2022
India	4520	0.013664010447526572	09-2022
Netherlands	4339	0.013116845427393317	09-2022
Belgium	4007	0.012113205721955525	09-2022
Spain	3343	0.01010592631107994	09-2022
Italy	3187	0.009634336569970616	09-2022
Latvia	2997	0.009059964449388747	09-2022
Ireland	2805	0.008479546306484963	09-2022
Czech Republic	2798	0.008458385228358263	09-2022
Indonesia	2403	0.007264295819780167	09-2022
Switzerland	2205	0.00666573960991064	09-2022
Slovenia	2071	0.006260656114342374	09-2022
Peru	1960	0.005925101875476124	09-2022
Luxembourg	1838	0.005556294513839345	09-2022
Croatia	1519	0.004591953953493997	09-2022
Singapore	1480	0.0044740565182166655	09-2022
Malaysia	1302	0.003935960531566283	09-2022
Chile	1290	0.0038996843976347962	09-2022
New Zealand	1287	0.0038906153641519244	09-2022
Mexico	1279	0.003866431274864267	09-2022
Poland	1206	0.0036457514601143906	09-2022
Portugal	1185	0.0035822682257342893	09-2022
Turkey	1073	0.0032436909757070824	09-2022
Greece	1055	0.0031892767748098526	09-2022
Hong Kong	1052	0.003180207741326981	09-2022
Slovakia	1037	0.0031348625739126227	09-2022
Philippines	911	0.002753963167632015	09-2022
Thailand	850	0.0025695594868136253	09-2022
Norway	823	0.0024879381854677808	09-2022
Brazil	784	0.0023700407501904496	09-2022
Estonia	716	0.0021644759912453596	09-2022
South Africa	709	0.002143314913118659	09-2022
Reunion	654	0.001977049299266013	09-2022
Vietnam	556	0.0016807942054922066	09-2022
Finland	525	0.0015870808595025332	09-2022
USA	77498	0.24825416757428598	10-2022
United Kingdom	25517	0.08174019450815576	10-2022
Germany	24682	0.07906538703022693	10-2022
Japan	20502	0.06567533282933767	10-2022
Canada	17797	0.05701023794574786	10-2022
Denmark	17649	0.056536140332893406	10-2022
France	15305	0.04902745922119857	10-2022
Austria	14236	0.04560306497699986	10-2022
Australia	9553	0.030601719564855273	10-2022
South Korea	7264	0.023269223376856347	10-2022
Sweden	5899	0.018896633906948734	10-2022
Netherlands	5219	0.016718347577617466	10-2022
Spain	5065	0.016225029791268917	10-2022
Italy	4946	0.015843829683635943	10-2022
Israel	4313	0.013816101380008456	10-2022
Russia	4101	0.013136988583216944	10-2022
Belgium	3946	0.012640467434619376	10-2022
Ireland	3174	0.010167471778378586	10-2022
Indonesia	3112	0.009968863318939558	10-2022
Switzerland	2651	0.00849211332214292	10-2022
Luxembourg	2553	0.008178183821739297	10-2022
India	2481	0.007947541739810104	10-2022
Slovenia	2137	0.0068455851261484055	10-2022
Latvia	2042	0.006541265712491831	10-2022
Czech Republic	1915	0.006134438706866727	10-2022
Brazil	1877	0.006012710941404098	10-2022
New Zealand	1870	0.005990287405660982	10-2022
Singapore	1588	0.00508693925143831	10-2022
Greece	1379	0.004417436541393847	10-2022
Turkey	1329	0.004257268428943019	10-2022
Malaysia	1281	0.0041035070409902235	10-2022
Chile	1229	0.003936932204041362	10-2022
Croatia	1201	0.003847238061068898	10-2022
Thailand	1091	0.0034948682136770755	10-2022
Philippines	1038	0.0033250900144791975	10-2022
Puerto Rico	981	0.003142498366285253	10-2022
Poland	863	0.002764501620901298	10-2022
South Africa	858	0.002748484809656215	10-2022
Hong Kong	793	0.0025402662634701383	10-2022
Norway	765	0.002450572120497674	10-2022
Slovakia	731	0.0023416578040311112	10-2022
Portugal	687	0.0022007098650743823	10-2022
Peru	635	0.0020341350281255204	10-2022
Mexico	626	0.0020053047678843714	10-2022
Finland	564	0.0018066963084453441	10-2022
China	551	0.0017650525992081289	10-2022
Costa Rica	517	0.0016561382827415655	10-2022
USA	95277	0.2944019231898254	11-2022
Japan	32878	0.10159163733781583	11-2022
Germany	19740	0.06099576984757237	11-2022
United Kingdom	13820	0.042703218809192006	11-2022
Austria	13673	0.04224899499117817	11-2022
Denmark	13375	0.04132818752336781	11-2022
Canada	12575	0.03885622116682992	11-2022
France	11906	0.03678903930117511	11-2022
Australia	11743	0.036285376156030516	11-2022
Brazil	9264	0.028625370408708738	11-2022
South Korea	8695	0.026867184337621166	11-2022
Sweden	6579	0.020328833324578452	11-2022
Spain	5289	0.016342787574661108	11-2022
Italy	4334	0.013391877736544006	11-2022
Indonesia	4120	0.012730626736170121	11-2022
Netherlands	4072	0.012582308754777848	11-2022
Israel	3853	0.0119056079646756	11-2022
Peru	3637	0.011238177048410371	11-2022
Russia	3521	0.010879741926712377	11-2022
China	2704	0.00835524628509806	11-2022
New Zealand	2677	0.008271817420564907	11-2022
Malaysia	2672	0.008256367630836545	11-2022
Ireland	2496	0.007712535032398209	11-2022
Switzerland	2383	0.007363369784537233	11-2022
Thailand	2352	0.007267581088221389	11-2022
Greece	1693	0.005231298802023304	11-2022
Luxembourg	1578	0.0048759536382709835	11-2022
Chile	1571	0.004854323932651276	11-2022
Belgium	1474	0.004554598011921058	11-2022
Singapore	1414	0.004369200535180716	11-2022
Slovenia	1303	0.004026215203211084	11-2022
Mexico	1146	0.003541091805740524	11-2022
Norway	1052	0.003250635758847322	11-2022
Finland	1044	0.003225916095281943	11-2022
Latvia	1013	0.0031301273989661	11-2022
India	943	0.002913830342769035	11-2022
Philippines	881	0.0027222529501373487	11-2022
Turkey	827	0.002555395221071041	11-2022
Puerto Rico	798	0.002465786440646543	11-2022
Croatia	771	0.002382357576113389	11-2022
Portugal	758	0.0023421881228196484	11-2022
Costa Rica	746	0.00230510862747158	11-2022
South Africa	718	0.002218589804992754	11-2022
Czech Republic	683	0.0021104412768942213	11-2022
Hong Kong	668	0.0020640919077091363	11-2022
Colombia	620	0.0019157739263168628	11-2022
Guatemala	541	0.0016716672486087464	11-2022
Reunion	522	0.0016129580476409715	11-2022
Iceland	512	0.001582058468184248	11-2022
USA	105551	0.29233240552255135	12-2022
Japan	42143	0.11671859637461399	12-2022
United Kingdom	28513	0.07896916067744035	12-2022
Germany	18492	0.05121515516596735	12-2022
France	17442	0.048307091520917285	12-2022
Denmark	16605	0.04598894935814881	12-2022
Canada	15811	0.043789899325606195	12-2022
Austria	11105	0.030756235026934208	12-2022
South Korea	8577	0.023754725603423208	12-2022
Sweden	8279	0.02292938944511376	12-2022
Australia	7504	0.02078296151662443	12-2022
Brazil	6340	0.01755916524725465	12-2022
Spain	5980	0.016562114854666056	12-2022
China	5976	0.016551036516970628	12-2022
Peru	5892	0.016318391425366625	12-2022
Italy	4535	0.012560065362192403	12-2022
Netherlands	4030	0.011161425228144516	12-2022
Mexico	3183	0.00881558722113747	12-2022
New Zealand	2801	0.007757605971224018	12-2022
Israel	2411	0.00667746804591971	12-2022
Slovenia	2221	0.0061512470053868415	12-2022
Switzerland	1991	0.0055142425878996855	12-2022
Argentina	1985	0.005497625081356542	12-2022
Ireland	1955	0.005414537548640827	12-2022
Belgium	1881	0.005209588301275394	12-2022
Greece	1698	0.004702754351709526	12-2022
Russia	1677	0.004644593078808525	12-2022
Singapore	1604	0.0044424134158669495	12-2022
Thailand	1543	0.00427346876601166	12-2022
Indonesia	1495	0.004140528713666514	12-2022
Luxembourg	1402	0.0038829573622477945	12-2022
Chile	1314	0.003639233932948361	12-2022
Finland	1291	0.0035755334911996453	12-2022
Malaysia	1192	0.003301344633237783	12-2022
Norway	1113	0.003082547463753064	12-2022
Colombia	878	0.002431695124146622	12-2022
Puerto Rico	847	0.0023458380070070484	12-2022
Ecuador	819	0.002268289643139047	12-2022
Guatemala	794	0.002199050032542617	12-2022
Turkey	792	0.0021935108636949026	12-2022
Croatia	743	0.0020578012269258997	12-2022
India	732	0.0020273357982634704	12-2022
Portugal	676	0.0018722390705274673	12-2022
Reunion	642	0.0017780732001163226	12-2022
Hong Kong	591	0.0016368243944996053	12-2022
Costa Rica	550	0.0015232714331214602	12-2022
USA	78185	0.3169632179155062	01-2023
Japan	27149	0.11006247238201801	01-2023
United Kingdom	17102	0.06933177659130252	01-2023
Canada	15708	0.06368047869817448	01-2023
Germany	14910	0.06044537416537952	01-2023
Austria	10677	0.0432847256850273	01-2023
South Korea	7607	0.0308388974698888	01-2023
China	6750	0.027364606010483683	01-2023
Denmark	6093	0.02470111769212994	01-2023
Australia	5539	0.022455192991417648	01-2023
France	5126	0.020780884505146573	01-2023
Sweden	5066	0.02053764356283116	01-2023
Italy	4122	0.016710652737068704	01-2023
Spain	3910	0.015851201407554253	01-2023
Netherlands	2990	0.012121506958717958	01-2023
Brazil	2279	0.009239101792280343	01-2023
Ireland	2277	0.009230993760869829	01-2023
Mexico	2066	0.008375596447060636	01-2023
Greece	1471	0.005963457102432815	01-2023
Israel	1467	0.005947241039611788	01-2023
New Zealand	1353	0.005485083249212507	01-2023
Belgium	1265	0.005128329867149906	01-2023
South Africa	1247	0.005055357584455282	01-2023
Russia	1131	0.004585091762645489	01-2023
Singapore	1106	0.004483741370014067	01-2023
Luxembourg	1068	0.004329688773214308	01-2023
Chile	1013	0.004106717909425181	01-2023
Puerto Rico	906	0.003672938228962699	01-2023
Slovenia	844	0.003421589255236775	01-2023
Peru	820	0.0033242928783106104	01-2023
Finland	785	0.003182402328626621	01-2023
Norway	731	0.0029634854805427515	01-2023
Costa Rica	713	0.0028905131978481284	01-2023
Reunion	697	0.002825648946564019	01-2023
Argentina	679	0.002752676663869396	01-2023
Croatia	579	0.0023472750933437115	01-2023
India	562	0.0022783568263543452	01-2023
Portugal	553	0.0022418706850070337	01-2023
Thailand	511	0.002071602025386246	01-2023
Switzerland	501	0.0020310618683336778	01-2023
USA	59986	0.32396496041304373	02-2023
United Kingdom	18588	0.10038776854862229	02-2023
Germany	14526	0.07845022196779036	02-2023
Canada	11551	0.06238321037793932	02-2023
Austria	11159	0.06026614532139424	02-2023
Japan	9955	0.05376373121914864	02-2023
South Korea	7096	0.038323198064397664	02-2023
China	4417	0.023854786619284734	02-2023
Australia	3754	0.02027413832211793	02-2023
France	3559	0.019221006470010044	02-2023
Italy	2841	0.01534332098378717	02-2023
Netherlands	2808	0.015165098670353528	02-2023
Brazil	2674	0.01444140806428965	02-2023
Spain	2592	0.013998552618787873	02-2023
Denmark	2485	0.0134206802691697	02-2023
Sweden	1889	0.010201877275034835	02-2023
Israel	1802	0.009732018448709778	02-2023
Belgium	1755	0.009478186668970955	02-2023
Russia	1414	0.007636556096823322	02-2023
South Africa	1316	0.007107289832687052	02-2023
Luxembourg	1105	0.005967747161944675	02-2023
Ireland	1042	0.005627504563571359	02-2023
Singapore	989	0.005341268726844601	02-2023
Greece	954	0.005152245061081647	02-2023
Poland	899	0.004855207872025578	02-2023
Chile	834	0.00450416392132295	02-2023
New Zealand	756	0.004082911180479796	02-2023
Mexico	709	0.003829079400740973	02-2023
Puerto Rico	626	0.00338082327907454	02-2023
Finland	610	0.0032944124604400472	02-2023
India	583	0.0031485942039943403	02-2023
Costa Rica	564	0.0030459813568658794	02-2023
USA	46248	0.2618844034723127	03-2023
United Kingdom	18711	0.10595310226108032	03-2023
Canada	11101	0.06286063749667321	03-2023
Germany	10249	0.05803609347837166	03-2023
Austria	8783	0.049734706705096915	03-2023
South Korea	7739	0.04382294149957247	03-2023
France	6058	0.0343040935010221	03-2023
Japan	5881	0.033301811469051	03-2023
India	5551	0.03143315005351167	03-2023
Australia	5048	0.028584857047401713	03-2023
China	4589	0.025985718896697	03-2023
Spain	3574	0.020238169391326014	03-2023
Denmark	3409	0.019303838683556347	03-2023
Italy	2568	0.014541583379106101	03-2023
Sweden	2502	0.014167851095998234	03-2023
Netherlands	2256	0.012774848949868911	03-2023
Belgium	1996	0.01130257025883792	03-2023
Singapore	1937	0.010968476248180887	03-2023
Ireland	1831	0.010368239551068251	03-2023
Poland	1737	0.009835954178157047	03-2023
Brazil	1695	0.00959812454345204	03-2023
Israel	1470	0.008324037214675221	03-2023
Chile	1355	0.007672837024411513	03-2023
Russia	1279	0.007242478637802454	03-2023
Luxembourg	1226	0.0069423602892461364	03-2023
New Zealand	1108	0.006274172267932071	03-2023
Indonesia	1002	0.005673935570819437	03-2023
Finland	817	0.004626352656047385	03-2023
South Africa	761	0.00430924647644071	03-2023
Greece	760	0.0043035838660905905	03-2023
Mexico	740	0.004190331659088206	03-2023
Czech Republic	738	0.004179006438387968	03-2023
Slovenia	730	0.0041337055555870144	03-2023
Switzerland	724	0.0040997298934863	03-2023
Slovakia	658	0.0037259976103784322	03-2023
Portugal	560	0.003171061796066751	03-2023
Malaysia	543	0.0030747974201147245	03-2023
Peru	540	0.003057809589064367	03-2023
Norway	515	0.002916244330311387	03-2023
USA	27092	0.2211934912353753	04-2023
Canada	8702	0.07104775434557196	04-2023
India	7943	0.0648508748295654	04-2023
South Korea	7447	0.06080126713531078	04-2023
United Kingdom	6929	0.05657203974494003	04-2023
Japan	6672	0.05447375511303794	04-2023
France	5869	0.047917636204799115	04-2023
Australia	5635	0.0460071358006548	04-2023
China	4853	0.039622472056890456	04-2023
Spain	4073	0.0332541373764094	04-2023
Austria	3039	0.024812011658951184	04-2023
Germany	2943	0.024028216621353515	04-2023
Sweden	2737	0.022346323103175185	04-2023
Italy	1984	0.016198430777018477	04-2023
Singapore	1741	0.014214449588099379	04-2023
Indonesia	1569	0.01281015014573689	04-2023
Denmark	1387	0.011324205386957976	04-2023
Brazil	1324	0.010809839893534507	04-2023
Malaysia	1098	0.00896465574252333	04-2023
New Zealand	1044	0.008523771033874642	04-2023
Netherlands	996	0.008131873515075808	04-2023
Belgium	995	0.008123708983434166	04-2023
Russia	931	0.0076011789583690535	04-2023
Thailand	859	0.007013332680170802	04-2023
Mexico	757	0.00618055045272328	04-2023
Peru	728	0.005943779035115651	04-2023
Luxembourg	606	0.00494770617483528	04-2023
Reunion	594	0.004849731795135572	04-2023
Finland	582	0.004751757415435863	04-2023
Slovenia	519	0.004237391922012394	04-2023
Portugal	516	0.004212898327087467	04-2023
Greece	512	0.004180240200520897	04-2023
Philippines	506	0.004131253010671043	04-2023
Switzerland	505	0.004123088479029401	04-2023
USA	19463	0.19744557388357986	05-2023
China	11150	0.11311299125530058	05-2023
South Korea	7412	0.07519224136181955	05-2023
Canada	6937	0.07037352648771482	05-2023
Australia	6315	0.06406354616836082	05-2023
Japan	4411	0.044748108020370485	05-2023
Spain	4398	0.04461622740276341	05-2023
France	3715	0.03768742264694544	05-2023
United Kingdom	3628	0.03680483697526731	05-2023
Sweden	1982	0.020106721853632804	05-2023
Singapore	1869	0.01896037494674052	05-2023
Indonesia	1406	0.01426339602735001	05-2023
Malaysia	1345	0.013644571590886036	05-2023
Thailand	1333	0.01352283563617181	05-2023
Austria	1331	0.013502546310386106	05-2023
Italy	1329	0.013482256984600401	05-2023
India	1297	0.013157627772029135	05-2023
Brazil	1254	0.012721407267636497	05-2023
New Zealand	1241	0.01258952665002942	05-2023
Denmark	914	0.009272221884066793	05-2023
Philippines	815	0.008267900257674437	05-2023
Mexico	766	0.007770811775924686	05-2023
Puerto Rico	746	0.007567918518067644	05-2023
Finland	607	0.006157810375961207	05-2023
Netherlands	531	0.0053868159961044495	05-2023
Greece	525	0.005325948018747337	05-2023
Germany	525	0.005325948018747337	05-2023
Portugal	510	0.005173778075354556	05-2023
USA	12012	0.20136793401730035	06-2023
South Korea	7160	0.12002950445919668	06-2023
China	6461	0.10831154026688125	06-2023
Japan	5855	0.0981526185207537	06-2023
Canada	3461	0.058019848454368673	06-2023
Australia	3403	0.05704754241266009	06-2023
Spain	2213	0.03709850466036344	06-2023
United Kingdom	1601	0.026838999530610877	06-2023
France	1288	0.021591899684838732	06-2023
Singapore	1234	0.020686649232213503	06-2023
Austria	1012	0.016965064038087573	06-2023
Sweden	1009	0.016914772346275062	06-2023
Brazil	984	0.016495674914504124	06-2023
New Zealand	955	0.016009521893649837	06-2023
Italy	611	0.010242741232481728	06-2023
Thailand	594	0.009957754978877489	06-2023
Puerto Rico	559	0.009371018574398177	06-2023
USA	17360	0.31431054461181923	07-2023
Japan	8285	0.15000362108922363	07-2023
South Korea	5971	0.10810761877172653	07-2023
China	3925	0.07106387601390499	07-2023
Canada	2690	0.04870365005793743	07-2023
United Kingdom	2070	0.03747827346465817	07-2023
Spain	2058	0.03726100811123986	07-2023
Australia	1506	0.027266801853997682	07-2023
France	1201	0.021744640787949014	07-2023
Singapore	738	0.013361819235225956	07-2023
USA	38484	0.41309131503526153	08-2023
Japan	9773	0.10490441279076008	08-2023
South Korea	5227	0.05610716930904563	08-2023
United Kingdom	5017	0.05385300715964835	08-2023
Canada	4829	0.051834995330664116	08-2023
Spain	4719	0.05065424372859888	08-2023
China	4446	0.04772383293438241	08-2023
France	3439	0.03691458872274879	08-2023
Australia	1295	0.013900666587949893	08-2023
Sweden	1018	0.010927319371840149	08-2023
Italy	1008	0.010819978317106944	08-2023
Brazil	841	0.00902738270306244	08-2023
Denmark	770	0.008265261214456693	08-2023
Singapore	708	0.007599746675110829	08-2023
Ireland	680	0.007299191721857859	08-2023
Mexico	674	0.007234787089017937	08-2023
Israel	674	0.007234787089017937	08-2023
Greece	643	0.006902029819345005	08-2023
New Zealand	642	0.006891295713871684	08-2023
Germany	561	0.006021833170532734	08-2023
Belgium	556	0.005968162643166131	08-2023
Netherlands	503	0.005399255053080152	08-2023
Portugal	502	0.0053885209476068315	08-2023
USA	36403	0.3423780143711674	09-2023
Canada	10147	0.09543470900267108	09-2023
Japan	7664	0.07208156201798277	09-2023
United Kingdom	7125	0.067012151536812	09-2023
France	6659	0.06262932169594823	09-2023
Spain	4564	0.04292539784056281	09-2023
South Korea	4435	0.041712125202212104	09-2023
China	3752	0.03528836386892893	09-2023
Italy	1949	0.018330762574771453	09-2023
Australia	1798	0.016910575222903578	09-2023
Brazil	1727	0.016242805011098153	09-2023
Sweden	1641	0.015433956585531018	09-2023
Greece	1433	0.013477672021368646	09-2023
Singapore	1160	0.010910048530905533	09-2023
Netherlands	1068	0.010044768819833716	09-2023
Belgium	1034	0.009724991535307174	09-2023
Germany	1009	0.009489861179037658	09-2023
Israel	957	0.009000790037997065	09-2023
Denmark	937	0.008812685752981452	09-2023
Russia	812	0.007637033971633874	09-2023
New Zealand	755	0.007100936759339377	09-2023
Ireland	581	0.0054644294797035475	09-2023
Switzerland	510	0.004796659267898123	09-2023
USA	25326	0.25471954298128274	10-2023
Canada	12276	0.12346746859504963	10-2023
United Kingdom	7697	0.07741357981232462	10-2023
France	5888	0.05921932674223299	10-2023
South Korea	4100	0.04123628390678588	10-2023
Spain	3689	0.03710259788588613	10-2023
Japan	3439	0.03458819033059431	10-2023
China	2863	0.028794995323201948	10-2023
Sweden	2855	0.02871453428143261	10-2023
Australia	2453	0.024671366932523357	10-2023
Brazil	2273	0.022860993492713248	10-2023
Denmark	2075	0.020869582708922123	10-2023
Russia	2042	0.020537680911623602	10-2023
Greece	1961	0.019723012863709054	10-2023
Singapore	1868	0.018787653253140496	10-2023
Italy	1758	0.017681313928812094	10-2023
Netherlands	1625	0.016343649109396844	10-2023
Germany	1524	0.015327828457058948	10-2023
New Zealand	1248	0.012551922516016776	10-2023
Belgium	1072	0.010781779597091333	10-2023
Finland	739	0.0074325887334426265	10-2023
Switzerland	669	0.006728554617960916	10-2023
Lithuania	635	0.006386595190441228	10-2023
Austria	606	0.006094923914027377	10-2023
Israel	567	0.005702676335401852	10-2023
Ireland	553	0.00556186951230551	10-2023
Ukraine	505	0.005079103261689481	10-2023
USA	27015	0.28025603253314524	11-2023
Canada	12395	0.12858684150465796	11-2023
Sweden	5010	0.05197418926489201	11-2023
France	4853	0.05034545718613192	11-2023
United Kingdom	4328	0.04489906010747557	11-2023
South Korea	4056	0.0420773077162479	11-2023
Denmark	2937	0.030468701371454656	11-2023
Russia	2646	0.027449841276427994	11-2023
Spain	2425	0.02515716745855551	11-2023
Australia	2409	0.024991182023777415	11-2023
Netherlands	2173	0.022542896860800465	11-2023
Japan	2097	0.0217544660456045	11-2023
Singapore	1854	0.019233562254912132	11-2023
Brazil	1808	0.018756354129925098	11-2023
Italy	1804	0.018714857771230574	11-2023
Germany	1605	0.016650413926177977	11-2023
New Zealand	1366	0.014171006494180136	11-2023
China	1334	0.013839035624623939	11-2023
Greece	1139	0.011816088138265866	11-2023
Belgium	1066	0.011058779592090794	11-2023
Austria	933	0.009679025665497852	11-2023
Switzerland	885	0.009181069361163557	11-2023
Finland	767	0.007956926779675083	11-2023
Poland	745	0.007728696806855198	11-2023
Lithuania	670	0.006950640081332863	11-2023
Peru	583	0.006048094279726954	11-2023
Ireland	524	0.0054360229889827165	11-2023
USA	35006	0.32451423909819044	12-2023
Canada	10126	0.09387051320083062	12-2023
United Kingdom	7413	0.06872033521210323	12-2023
France	5846	0.05419385938890537	12-2023
Spain	4179	0.03874035894393355	12-2023
Denmark	3832	0.03552358350637793	12-2023
Sweden	3708	0.03437407297537823	12-2023
South Korea	3463	0.032102862652032035	12-2023
Japan	2856	0.026475823197864134	12-2023
Netherlands	2551	0.023648398101453576	12-2023
Singapore	1872	0.017353900919608426	12-2023
Italy	1867	0.017307549688519726	12-2023
Brazil	1778	0.01648249777514091	12-2023
Australia	1748	0.01620439038860872	12-2023
Germany	1401	0.0129876149510531	12-2023
India	1359	0.012598264609908039	12-2023
Malaysia	1279	0.011856644912488876	12-2023
Peru	1082	0.010030406407594186	12-2023
Belgium	1070	0.00991916345298131	12-2023
New Zealand	962	0.00891797686146544	12-2023
Greece	956	0.008862355384159004	12-2023
China	871	0.008074384455651142	12-2023
Switzerland	817	0.007573791159893207	12-2023
Poland	811	0.007518169682586769	12-2023
Russia	760	0.007045387125482053	12-2023
Lithuania	689	0.006387199644022545	12-2023
Israel	662	0.006136902996143578	12-2023
Ireland	639	0.005923687333135568	12-2023
Austria	623	0.005775363393651736	12-2023
Finland	526	0.004876149510531	12-2023
USA	33616	0.3842970482657704	01-2024
Canada	7614	0.08704300706495645	01-2024
United Kingdom	6549	0.0748679607654846	01-2024
Japan	4836	0.05528499897112285	01-2024
Spain	3739	0.04274412968424903	01-2024
South Korea	2368	0.027070901067745845	01-2024
France	2251	0.02573336077005739	01-2024
Brazil	1975	0.02257813750371539	01-2024
Peru	1536	0.017559503395294603	01-2024
Sweden	1299	0.014850126894848756	01-2024
Australia	1296	0.014815830989779821	01-2024
Italy	1173	0.013409698881953494	01-2024
New Zealand	1135	0.012975284084413655	01-2024
Germany	988	0.01129478473603585	01-2024
Singapore	980	0.011203328989185357	01-2024
China	923	0.010551706792875598	01-2024
India	920	0.010517410887806663	01-2024
Israel	846	0.009671445229439605	01-2024
Netherlands	760	0.008688295950796808	01-2024
Puerto Rico	756	0.008642568077371562	01-2024
Malaysia	738	0.008436792646957953	01-2024
Greece	712	0.008139561469693852	01-2024
Ireland	669	0.007647986830372454	01-2024
Denmark	626	0.007156412191051055	01-2024
Mexico	615	0.007030660539131628	01-2024
Russia	576	0.006584813773235476	01-2024
USA	22006	0.420660256532793	02-2024
Canada	4688	0.08961443618221092	02-2024
Japan	3814	0.07290730793493014	02-2024
South Korea	2888	0.05520616290405826	02-2024
United Kingdom	2879	0.0550341215376675	02-2024
China	2603	0.0497581863016841	02-2024
Brazil	2066	0.03949305144036855	02-2024
Australia	1139	0.021772790702119932	02-2024
Spain	890	0.017012979565308815	02-2024
Mexico	705	0.013476573700609791	02-2024
France	646	0.012348746965381454	02-2024
Russia	619	0.011832622866209164	02-2024
USA	10113	0.306510274595381	03-2024
China	3627	0.1099290780141844	03-2024
Canada	3401	0.10307934776019882	03-2024
Japan	2991	0.09065284597199491	03-2024
South Korea	2448	0.07419530823786143	03-2024
United Kingdom	1906	0.05776807904467479	03-2024
Australia	1291	0.03912832636236892	03-2024
Brazil	864	0.02618657937806874	03-2024
Chile	650	0.019700551615445233	03-2024
New Zealand	579	0.017548645208219676	03-2024
Russia	505	0.015305813178153604	03-2024
Spain	485	0.014699642359216827	03-2024
India	387	0.011729405346426624	03-2024
France	357	0.010820149118021458	03-2024
USA	6412	0.2612344673049501	04-2024
Canada	2819	0.11485027500509269	04-2024
United Kingdom	2389	0.09733143206355674	04-2024
China	2280	0.09289060908535343	04-2024
Japan	1716	0.06991240578529231	04-2024
South Korea	1480	0.060297412915053986	04-2024
Australia	1326	0.05402322265227134	04-2024
Singapore	745	0.030352413933591362	04-2024
New Zealand	689	0.0280708902016704	04-2024
Russia	611	0.024893053575066205	04-2024
Spain	605	0.024648604603788957	04-2024
France	415	0.016907720513342838	04-2024
Brazil	310	0.012629863515991036	04-2024
Ireland	256	0.010429822774495823	04-2024
USA	7610	0.2376045959785188	05-2024
Canada	4064	0.1268889721493693	05-2024
United Kingdom	3547	0.11074684650930436	05-2024
Spain	3190	0.09960034969401774	05-2024
Singapore	1918	0.0598851005370301	05-2024
Australia	1664	0.051954539777694514	05-2024
Japan	1641	0.051236418134132634	05-2024
China	1398	0.043649306856500564	05-2024
New Zealand	968	0.03022355438990883	05-2024
France	756	0.023604346197077557	05-2024
Russia	640	0.019982515299113275	05-2024
Ireland	409	0.012770076183339578	05-2024
USA	11781	0.2694832673788229	06-2024
Spain	5523	0.12633529290664958	06-2024
United Kingdom	4970	0.11368575153830318	06-2024
Canada	4536	0.10375826337580346	06-2024
Japan	2076	0.04748724752384656	06-2024
France	1672	0.038245991261980465	06-2024
Australia	1470	0.03362536313104742	06-2024
Singapore	1094	0.02502458997643937	06-2024
New Zealand	1040	0.023789372555298855	06-2024
Ireland	833	0.01905437244092687	06-2024
Netherlands	819	0.018734130887297848	06-2024
Puerto Rico	736	0.016835555962211497	06-2024
Israel	502	0.011482947137269255	06-2024
China	494	0.011299951963766956	06-2024
USA	20386	0.3621795441220886	07-2024
Canada	5376	0.09551050864320358	07-2024
Spain	4341	0.0771226037983904	07-2024
United Kingdom	3934	0.06989180450192763	07-2024
Japan	3810	0.06768880913887754	07-2024
France	2246	0.0399026418178265	07-2024
Netherlands	1507	0.026773500097713503	07-2024
Australia	1172	0.02082185939915078	07-2024
China	1092	0.019400572068150726	07-2024
Denmark	963	0.01710874624691314	07-2024
Germany	903	0.016042780748663103	07-2024
Ireland	835	0.014834686517313057	07-2024
Sweden	784	0.013928615843800523	07-2024
South Korea	773	0.013733188835788016	07-2024
Israel	744	0.013217972178300496	07-2024
Italy	703	0.012489562421162968	07-2024
Singapore	523	0.009291665926412849	07-2024
USA	20565	0.4244932502167362	08-2024
Canada	5549	0.11453990009495107	08-2024
Japan	2681	0.05533996614787599	08-2024
Spain	2011	0.04151013499566528	08-2024
United Kingdom	1797	0.03709284564257111	08-2024
France	1779	0.036721297939974404	08-2024
China	1598	0.0329851793749742	08-2024
Sweden	1446	0.029847665441935352	08-2024
Italy	1161	0.023964826817487513	08-2024
Australia	1066	0.022003880609338233	08-2024
South Korea	994	0.02051768979895141	08-2024
Netherlands	831	0.01715311893654791	08-2024
Denmark	811	0.0167402881558849	08-2024
Germany	772	0.01593526813359204	08-2024
Russia	511	0.010547826445939809	08-2024
Ireland	509	0.010506543367873508	08-2024
USA	13258	0.3367282147664643	09-2024
Canada	7580	0.19251771518553323	09-2024
United Kingdom	2156	0.05475833693139969	09-2024
France	1983	0.0503644629568486	09-2024
Japan	1457	0.037005054224976505	09-2024
Sweden	1326	0.0336779010997384	09-2024
Netherlands	1135	0.028826861046910318	09-2024
Spain	1109	0.028166510044954664	09-2024
Denmark	1004	0.02549970792167221	09-2024
Australia	935	0.023747237954943743	09-2024
China	930	0.02362024737764458	09-2024
Germany	900	0.022858303913849593	09-2024
Italy	745	0.018921596017575495	09-2024
Brazil	524	0.01330861250095243	09-2024
Ireland	476	0.012089502958880451	09-2024
Russia	441	0.011200568917786301	09-2024
Canada	7583	0.3987904286089929	10-2024
USA	3354	0.17638706284512226	10-2024
United Kingdom	1400	0.07362608466999737	10-2024
France	938	0.04932947672889824	10-2024
Sweden	826	0.043439389955298446	10-2024
Australia	756	0.03975808572179858	10-2024
Denmark	535	0.02813568235603471	10-2024
Germany	402	0.02114120431238496	10-2024
Japan	383	0.020141993163292137	10-2024
Italy	361	0.018985011832763608	10-2024
Singapore	323	0.016986589534577965	10-2024
Spain	309	0.016250328687877992	10-2024
Ireland	300	0.015777018143570864	10-2024
New Zealand	194	0.010202471732842493	10-2024
Netherlands	191	0.010044701551406784	10-2024
